Company,Symbol,CEO,Founded,Sector,About,URL
3M,MMM,Inge Thulin,1902,Diversified Industrials,"3M is a global science company that never stops inventing. Using 46 technology platforms, our integrated team of scientists and researchers works with customers to create breakthroughs. Our inventions have improved daily life for hundreds of millions of people all over the world. With $30 billion in sales, our 90,000 employees connect with customers all around the world. Scientists, researchers and marketers work across countries and across subjects to solve challenges big and small.",https://www.google.com/search?tbm=fin&ei=IRklW47mN6q7tgXDlLLADQ&q=mmm&oq=mmm&gs_l=finance-immersive.3..81l3.2357.2643.0.2886.5.5.0.0.0.0.79.193.3.3.0....0...1c.1.64.finance-immersive..2.3.193.0...0.Ge25gpKvgeo#scso=uid_JRklW8zHGYWCsQXHs4zQBw_5:0
American Express,AXP,Stephen Squeri,1850,Consumer Finance,"Each day, American Express makes it easier, safer and more rewarding for consumers and businesses to purchase the things they need. The American Express card and for merchants to sell their goods and services. An engine of commerce, American Express provides innovative payment, travel and expense management solutions for individuals and businesses of all sizes. Most of all, we help our customers realize their dreams and aspirations through industry-leading benefits, access to unique experiences, business-building insights, and global customer care. We enable our customers to do more and achieve more.",
Apple,AAPL,Tim Cook,1976,Electronic Equipment,"Apple Inc. is an American multinational technology company headquartered in Cupertino, California, that designs, develops, and sells consumer electronics, computer software, and online services. The company's hardware products include the iPhone smartphone, the iPad tablet computer, the Mac personal computer, the iPod portable media player, the Apple Watch smartwatch, the Apple TV digital media player, and the HomePod smart speaker. Apple's software includes the macOS and iOS operating systems, the iTunes media player, the Safari web browser, and the iLife and iWork creativity and productivity suites, as well as professional applications like Final Cut Pro, Logic Pro, and Xcode. Its online services include the iTunes Store, the iOS App Store and Mac App Store, Apple Music, and iCloud.",
Boeing,BA,Dennis Muilenburg,1916,Aerospace/Defense Products & Services,"Boeing is the world's largest aerospace company and leading manufacturer of commercial jetliners and defense, space and security systems. A top U.S. exporter, the company supports airlines and U.S. and allied government customers in 150 countries. Boeing products and tailored services include commercial and military aircraft, satellites, weapons, electronic and defense systems, launch systems, advanced information and communication systems, and performance-based logistics and training.",
Caterpillar,CAT,Jim Umpleby,1925,Commercial Vehicles & Trucks,"For more than 90 years, Caterpillar Inc. has been making sustainable progress possible and driving positive change on every continent. Customers turn to Caterpillar to help them develop infrastructure, energy and natural resource assets.
",
Chevron,CVX,Michael Wirth,1879,Integrated Oil & Gas,"Chevron Corporation is an American multinational energy corporation. One of the successor companies of Standard Oil, it is headquartered in San Ramon, California, and active in more than 180 countries. Chevron is engaged in every aspect of the oil, natural gas, and geothermal energy industries, including hydrocarbon exploration and production; refining, marketing and transport; chemicals manufacturing and sales; and power generation.",
Cisco,CSCO,Chuck Robbins,1984,Networking & Communication,"Cisco Systems, Inc. is an American multinational technology conglomerate headquartered in San Jose, California, in the center of Silicon Valley, that develops, manufactures and sells networking hardware, telecommunications equipment and other high-technology services and products. Through its numerous acquired subsidiaries, such as OpenDNS, WebEx, Jabber and Jasper, Cisco specializes into specific tech markets, such as Internet of Things (IoT), domain security and energy management.",
Coca-Cola,KO,James Quincey,1892,Soft Drinks,"The Coca-Cola Company is an American corporation, and manufacturer, retailer, and marketer of nonalcoholic beverage concentrates and syrups. The company is best known for its flagship product Coca-Cola, invented in 1886 by pharmacist John Stith Pemberton in Atlanta, Georgia.",
Disney,DD,Bob Iger,1923,Broadcasting & Entertainment,"The Walt Disney Company, commonly known as Disney, is an American diversified multinational mass media and entertainment conglomerate, headquartered at the Walt Disney Studios in Burbank, California. It is the world's second-largest media conglomerate in terms of revenue, after Comcast. Disney was founded on October 16, 1923 – by brothers Walt and Roy O. Disney – as the Disney Brothers Cartoon Studio, and established itself as a leader in the American animation industry before diversifying into live-action film production, television, and theme parks.",
EI Du Pont De Nemours & Co,XOM,Edward Breen,1802,Commodity Chemicals,"I. du Pont de Nemours and Company, commonly referred to as DuPont, is an American conglomerate that was founded in July 1802 as a gunpowder mill by French-American chemist and industrialist Éleuthère Irénée du Pont.",
Exxon Mobil,GE,Darren Woods,1999,Integrated Oil & Gas,"ExxonMobil, the largest publicly traded international oil and gas company, uses technology and innovation to help meet the world’s growing energy needs. We hold an industry-leading inventory of resources and are one of the world’s largest integrated refiners, marketers of petroleum products and chemical manufacturers.",
General Electric,GS,John Flannery,1892,Diversified Industrials,"GE powers the world with the cleanest, most advanced technologies and energy solutions. From FlexEfﬁciency Combined Cycle power, to smart grids that help utilities manage electricity demand, to gas engines that run on organic waste, our technology currently helps to deliver a quarter of the world’s electricity. GE Oil & Gas is currently operating in more than 120 countries working on the safest, most reliable and cost-efficient innovations in the ﬁeld.",
Goldman Sachs,HD,Lloyd Blankfein,1869,Investment Brokerage - National,"The Goldman Sachs Group, Inc. is a leading global investment banking, securities and investment management firm that provides a wide range of financial services to a substantial and diversified client base that includes corporations, financial institutions, governments and individuals. Founded in 1869, the firm is headquartered in New York and maintains offices in all major financial centers around the world.",
Home Depot,INTC,Craig Menear,1978,Home Improvement Retailers,"When The Home Depot was founded in 1978, Bernie Marcus and Arthur Blank had no idea how revolutionary this new “hardware store” would be for home improvement and the retail industry. Today, we’re proud to be the world’s largest home improvement retailer. In more than 2,200 stores across North America, we aspire to excel in service – to our customers, associates, communities and shareholders. That’s what leadership means to us. That's The Home Depot difference.",
IBM,IBM,Ginni Rometty,1911,Semiconductors,"The  International Business Machines Corporation (IBM) is an American multinational technology companyheadquartered in Armonk, New York, United States, with operations in over 170 countries. The company began in 1911 as the Computing-Tabulating-Recording Company (CTR) and was renamed ""International Business Machines"" in 1924. IBM manufactures and markets computer hardware, middleware and software, and provides hosting and consulting servicesin areas ranging from mainframe computers to nanotechnology.",
Intel,JNJ,Brian Krzanich,1968,Computer Services,"Intel Corporation (stylized as intel) is an American multinational corporation and technology company headquartered in Santa Clara, California, in the Silicon Valley. It is the world's second largest and second highest valued semiconductor chip makers based on revenue after being overtaken by Samsung,[2][3] and is the inventor of the x86 series of microprocessors, the processors found in most personal computers (PCs). Intel supplies processors for computer system manufacturers such as Apple, Lenovo, HP, and Dell. Intel also manufactures motherboard chipsets, network interface controllers and integrated circuits, flash memory, graphics chips, embedded processors and other devices related to communications and computing.",
Johnson & Johnson,JPM,Alex Gorsky,1886,Pharmaceuticals,"Johnson & Johnson is an American multinational medical devices, pharmaceutical and consumer packaged goods manufacturing company founded in 1886. Its common stock is a component of the Dow Jones Industrial Average and the company is listed among the Fortune 500.",
JPMorgan Chase,MCD,Jamie Dimon,2000,Banks,"JPMorgan Chase & Co. is an American multinational investment bank and financial services company headquartered in New York City. In addition to being the largest bank in the United States, JPMorgan is the world's second most valuable bank by market capitalization.",
McDonalds,MRK,Steve Easterbrook,1855,Restaurants & Bars,"McDonald's is an American fast food company, founded in 1940 as a restaurant operated by Richard and Maurice McDonald, in San Bernardino, California, United States. They rechristened their business as a hamburger stand. The first time a McDonald's franchise used the Golden Arches logo was in 1953 at a location in Phoenix, Arizona. In 1955, Ray Kroc, a businessman, joined the company as a franchise agent and proceeded to purchase the chain from the McDonald brothers. McDonald's had its original headquarters in Oak Brook, Illinois, but moved its global headquarters to Chicago in early 2018.[4][5][6]",
Merck,MSFT,Kenneth Frazier,1891,Pharmaceuticals,"Mission: To make a difference in the lives of people globally through our innovative medicines, vaccines, and animal health products. We are committed to being the premier, research-intensive biopharmaceutical company and are dedicated to providing leading innovations and solutions for today and the future.",
Microsoft,NKE,Satya Nadella,1975,Software,"Microsoft Corporation (/ˈmaɪkrəˌsɒft/,[2][3] abbreviated as MS) is an American multinational technology company with headquarters in Redmond, Washington. It develops, manufactures, licenses, supports and sells computer software, consumer electronics, personal computers, and services. Its best known software products are the Microsoft Windows line of operating systems, the Microsoft Office suite, and the Internet Explorer and Edge web browsers. Its flagship hardware products are the Xbox video game consoles and the Microsoft Surface lineup of touchscreen personal computers. As of 2016, it is the world's largest software maker by revenue,[4] and one of the world's most valuable companies.[5] The word ""Microsoft"" is a portmanteau of ""microcomputer"" and ""software"".[6]",
Nike,PFE,Mark Parker,1964,Textile - Apparel Footwear & Accessories,"Nike, Inc. (/ˈnaɪki/)[note 1] is an American multinational corporation that is engaged in the design, development, manufacturing, and worldwide marketing and sales of footwear, apparel, equipment, accessories, and services. The company is headquartered near Beaverton, Oregon, in the Portland metropolitan area. It is the world's largest supplier of athletic shoes and apparel[4] and a major manufacturer of sports equipment, with revenue in excess of US$24.1 billion in its fiscal year 2012 (ending May 31, 2012). As of 2012, it employed more than 44,000 people worldwide. In 2014 the brand alone was valued at $19 billion, making it the most valuable brand among sports businesses.[5] As of 2017, the Nike brand is valued at $29.6 billion.[6]",
Pfizer,PG,Ian Read,1849,Pharmaceuticals,"Pfizer develops and produces medicines and vaccines for a wide range of medical disciplines, including immunology, oncology, cardiology, diabetology/endocrinology, and neurology. Its products include the blockbuster drugLipitor (atorvastatin), used to lower LDL blood cholesterol; Lyrica (pregabalin) for neuropathic pain/fibromyalgia; Diflucan(fluconazole), an oral antifungal medication; Zithromax (azithromycin), an antibiotic; Viagra (sildenafil) for erectile dysfunction; and Celebrex/Celebra (celecoxib), an anti-inflammatory drug.",
Proctor & Gamble,TRV,David Taylor,1837,Nondurable Household Products,"Procter & Gamble Co. (P&G) is an American multi-national consumer goods corporation headquartered in downtown Cincinnati, Ohio, founded in 1837 by British American William Procter and Irish American James Gamble.[3] It primarily specializes in a wide range of cleaning agents and personal care and hygienics products. Before the sale of Pringles to the Kellogg Company, its product portfolio also included foods, snacks and beverages.[4]",
Travelers Companies,UTX,Alan Schnitzer,1853,Property & Casualty Insurance,"The Travelers Companies, Inc. is an American insurance company. It is the second largest writer of U.S. commercial property casualty insurance and the third largest writer of U.S. personal insurance through independent agents. Travelers is incorporated in Minnesota, with headquarters in New York City and its largest office in Hartford, Connecticut. Travelers also maintains a large office in St. Paul, Minnesota.[1] It has been a component of the Dow Jones Industrial Average since June 8, 2009.[3]",
United Technologies,UNH,Gregory Hayes,1934,Aerospace,"United Technologies Corporation (UTC) is an American multinational conglomerate headquartered in Farmington, Connecticut.[1] It researches, develops, and manufactures products in numerous areas, including aircraft engines, aerospace systems, HVAC, elevators and escalators, fire and security, building systems, and industrial products, among others. UTC is also a large military contractor, getting about 10% of its revenue from the U.S. government.[4][5] Gregory J. Hayes is the CEO and chairman.[6]",
UnitedHealth,VZ,David Wichmann,1977,Healthcare,"UnitedHealth Group Inc. is an American for-profit managed health care company based in Minnetonka, Minnesota. It is 5th in the United States on the Fortune 500.[3] UnitedHealth Group offers health care products and insurance services. UnitedHealth Group is the largest healthcare company in the world by revenue $184 billion in 2016. UnitedHealth Group subsidiaries companies together serves approximately 115 million individuals in 2016.",
Verizon,VZ,Lowell McAdam,1983,Fixed Line Telecommunications,"Verizon is an American multinational telecommunications conglomerate and a corporate component of the Dow Jones Industrial Average.[6] The company is based at 1095 Avenue of the Americas in Midtown Manhattan, New York City,[2] but is incorporated in Delaware.",
Visa,WMT,Alfred Kelly,1958,Credit Services,"Visa Inc. (/ˈviːzə/ or /ˈviːsə/) (also known as Visa, stylized as VISA) is an American multinational financial services corporation headquartered in Foster City, California, United States.[3] It facilitates electronic funds transfers throughout the world, most commonly through Visa-branded credit cards, gift cards, and debit cards.[4] Visa does not issue cards, extend credit or set rates and fees for consumers; rather, Visa provides financial institutions with Visa-branded payment products that they then use to offer credit, debit, prepaid and cash-access programs to their customers. In 2015, the Nilson Report, a publication that tracks the credit card industry, found that Visa's global network (known as VisaNet) processed 100 billion transactions during 2014 with a total volume of US$6.8 trillion.[5]",
Walmart,DIS,Doug McMillon,1962,Broadline Retailers,"Walmart Inc. (formerly branded as Wal-Mart Stores, Inc.) is an American multinational retail corporation that operates a chain of hypermarkets, discount department stores, and grocery stores.[8] Headquartered in Bentonville, Arkansas, the company was founded by Sam Walton in 1962 and incorporated on October 31, 1969. It also owns and operates Sam's Club retail warehouses.[9][10] As of January 31, 2018, Walmart has 11,718 stores and clubs in 28 countries, operating under 59 different names.[1][2][11] The company operates under the name Walmart in the United States and Canada, as Walmart de México y Centroamérica in Mexico and Central America, as Asda in the United Kingdom, as the Seiyu Group in Japan, and as Best Price in India. It has wholly owned operations in Argentina, Chile, Brazil, and Canada.",