ThreeM,MMM,Inge Thulin,1902,Diversified Industrials,www.nasdaq.com,www.company.com
American Express,AXP,Stephen Squeri,1850,Consumer Finance,www.nasdaq.com,www.company.com
Apple,AAPL,Tim Cook,1976,Electronic Equipment,www.nasdaq.com,www.company.com
Boeing,BA,Dennis Muilenburg,1916,Aerospace/Defense Products & Services,www.nasdaq.com,www.company.com
Caterpillar,CAT,Jim Umpleby,1925,Commercial Vehicles & Trucks,www.nasdaq.com,www.company.com
Chevron,CVX,Michael Wirth,1879,Integrated Oil & Gas,www.nasdaq.com,www.company.com
Cisco,CSCO,Chuck Robbins,1984,Networking & Communication,www.nasdaq.com,www.company.com
Coca-Cola,KO,James Quincey,1892,Soft Drinks,www.nasdaq.com,www.company.com
Disney,DIS,Bob Iger,1923,Broadcasting & Entertainment,www.nasdaq.com,www.company.com
EI Du Pont De Nemours & Co,DD,Edward Breen,1802,Commodity Chemicals,www.nasdaq.com,www.company.com
Exxon Mobil,XOM,Darren Woods,1999,Integrated Oil & Gas,www.nasdaq.com,www.company.com
General Electric,GE,John Flannery,1892,Diversified Industrials,www.nasdaq.com,www.company.com
Goldman Sachs,GS,Lloyd Blankfein,1869,Investment Brokerage - National,www.nasdaq.com,www.company.com
Home Depot,HD,Craig Menear,1978,Home Improvement Retailers,www.nasdaq.com,www.company.com
IBM,INTC,Ginni Rometty,1911,Semiconductors,www.nasdaq.com,www.company.com
Intel,IBM,Brian Krzanich,1968,Computer Services,www.nasdaq.com,www.company.com
Johnson & Johnson,JNJ,Alex Gorsky,1886,Pharmaceuticals,www.nasdaq.com,www.company.com
JPMorgan Chase,JPM,Jamie Dimon,2000,Banks,www.nasdaq.com,www.company.com
McDonalds,MCD,Steve Easterbrook,1855,Restaurants & Bars,www.nasdaq.com,www.company.com
Merck,MRK,Kenneth Frazier,1891,Pharmaceuticals,www.nasdaq.com,www.company.com
Microsoft,MSFT,Satya Nadella,1975,Software,www.nasdaq.com,www.company.com
Nike,NKE,Mark Parker,1964,Textile - Apparel Footwear & Accessories,www.nasdaq.com,www.company.com
Pfizer,PFE,Ian Read,1849,Pharmaceuticals,www.nasdaq.com,www.company.com
Proctor & Gamble,PG,David Taylor,1837,Nondurable Household Products,www.nasdaq.com,www.company.com
Travelers Companies,TRV,Alan Schnitzer,1853,Property & Casualty Insurance,www.nasdaq.com,www.company.com
United Technologies,UTX,Gregory Hayes,1934,Aerospace,www.nasdaq.com,www.company.com
UnitedHealth,UNH,David Wichmann,1977,Healthcare,www.nasdaq.com,www.company.com
Verizon,VZ,Lowell McAdam,1983,Fixed Line Telecommunications,www.nasdaq.com,www.company.com
Visa,V,Alfred Kelly,1958,Credit Services,www.nasdaq.com,www.company.com
Walmart,WMT,Doug McMillon,1962,Broadline Retailers,www.nasdaq.com,www.company.com