3M,MMM,Inge Thulin,1902,Diversified Industrials,www.nasdaq.com,www.company.com
American Express,AXP,Stephen Squeri,1850,Consumer Finance,www.nasdaq.com,www.company.com
Apple,AAPL,Tim Cook,1976,Electronic Equipment,www.nasdaq.com,www.company.com
Boeing,BA,Dennis Muilenburg,1916,Aerospace/Defense Products & Services,www.nasdaq.com,www.company.com
Caterpillar,CAT,Jim Umpleby,1925,Commercial Vehicles & Trucks,www.nasdaq.com,www.company.com
Chevron,CVX,Michael Wirth,1879,Integrated Oil & Gas,www.nasdaq.com,www.company.com
Cisco,CSCO,Chuck Robbins,1984,Networking & Communication,www.nasdaq.com,www.company.com
Coca-Cola,KO,James Quincey,1892,Soft Drinks,www.nasdaq.com,www.company.com
Disney,DD,Bob Iger,1923,Broadcasting & Entertainment,www.nasdaq.com,www.company.com
EI Du Pont De Nemours & Co,XOM,Edward Breen,1802,Commodity Chemicals,www.nasdaq.com,www.company.com
Exxon Mobil,GE,Darren Woods,1999,Integrated Oil & Gas,www.nasdaq.com,www.company.com
General Electric,GS,John Flannery,1892,Diversified Industrials,www.nasdaq.com,www.company.com
Goldman Sachs,HD,Lloyd Blankfein,1869,Investment Brokerage - National,www.nasdaq.com,www.company.com
Home Depot,INTC,Craig Menear,1978,Home Improvement Retailers,www.nasdaq.com,www.company.com
IBM,IBM,Ginni Rometty,1911,Semiconductors,www.nasdaq.com,www.company.com
Intel,JNJ,Brian Krzanich,1968,Computer Services,www.nasdaq.com,www.company.com
Johnson & Johnson,JPM,Alex Gorsky,1886,Pharmaceuticals,www.nasdaq.com,www.company.com
JPMorgan Chase,MCD,Jamie Dimon,2000,Banks,www.nasdaq.com,www.company.com
McDonalds,MRK,Steve Easterbrook,1855,Restaurants & Bars,www.nasdaq.com,www.company.com
Merck,MSFT,Kenneth Frazier,1891,Pharmaceuticals,www.nasdaq.com,www.company.com
Microsoft,NKE,Satya Nadella,1975,Software,www.nasdaq.com,www.company.com
Nike,PFE,Mark Parker,1964,Textile - Apparel Footwear & Accessories,www.nasdaq.com,www.company.com
Pfizer,PG,Ian Read,1849,Pharmaceuticals,www.nasdaq.com,www.company.com
Proctor & Gamble,TRV,David Taylor,1837,Nondurable Household Products,www.nasdaq.com,www.company.com
Travelers Companies,UTX,Alan Schnitzer,1853,Property & Casualty Insurance,www.nasdaq.com,www.company.com
United Technologies,UNH,Gregory Hayes,1934,Aerospace,www.nasdaq.com,www.company.com
UnitedHealth,VZ,David Wichmann,1977,Healthcare,www.nasdaq.com,www.company.com
Verizon,VZ,Lowell McAdam,1983,Fixed Line Telecommunications,www.nasdaq.com,www.company.com
Visa,WMT,Alfred Kelly,1958,Credit Services,www.nasdaq.com,www.company.com
Walmart,DIS,Doug McMillon,1962,Broadline Retailers,www.nasdaq.com,www.company.com